barcode,
3830059801290,
856720007382,
51381914028,
843389000298,
4020829044302,
753950000803,
768990567803,
3401529524201,
18787762165,
856720007016,
3401398426286,
5060539730170,
4020829044296,
33674410714,
8112520119314,
843389000519,
3401597813870,
856720007023,
3401098489505,
4001638501408,
4020829044272,
97467050914,
768990017100,
811252014321,
3401599118492,
856720007412,
83926249005,
843389000311,
894077002513,
4020829044340,
5060209112336,
701619100951,
8010047194527,
3401598026231,
9327693000218,
9349093004320,
793573527509,
843389000113,
5034938500016,
3800500324265,
61007001155,
706611876514,
843389000106,
5034938500023,
4020829007802,
3800500324555,
318858501489,
4020829008342,
636874220024,
97467046788,
656727903263,
612194450006,
4020829077461,
768990017759,
3401560147728,
51381885199,
5412533001075,
5060142010195,
4001638075114,
768990301704,
51381887087,
5060142010980,
4673802489326,
306960511540,
51381885175,
5412533418354,
5029354001353,
4020829068506,
5029354012687,
78522083276,
706611876484,
637792800503,
77326655252,
4020829072565,
5029354010355,
30985014853,
608866922742,
637792122605,
5391520230769,
77326614259,
4020829041318,
77326830796,
608866922735,
637792950109,
4020829025325,
5060304750150,
5060209110165,
5029354008444,
9789811156601,
634158845314,
805002000375,
4020829007222,
78522015208,
9327693006890,
5060062990263,
5391520230608,
5060148521862,
608866922704,
9335607000308,
5573063264849,
859139006076,
9327693006883,
3830059800828,
5391520230462,
811252010057,
634158845307,
9351347000095,
9327693006913,
3830059801450,
5391520230509,
811252012136,
608866922681,
5412533003703,
77326834114,
4020829007284,
77326832134,
5034511001824,
97467299788,
608866922711,
9338598000043,
636874120874,
4020829007161,
78522015109,
9311262006008,
3830059800835,
66427670004,
811252014871,
8010047115058,
843389000076,
78522015406,
811252014840,
812659011074,
8010047114969,
78522015000,
654749453759,
354973751637,
843389000052,
3830059800316,
3759002,
9351347000033,
9327693006906,
3830059801467,
318858533183,
5391520231285,
811252014864,
608866922759,
843389000069,
609863047049,
97467039506,
9327693006975,
41507070059,
5000488105247,
96125861,
5029354002053,
9416114003102,
83851204186,
9327693006968,
5060148520315,
41507070080,
9416114003256,
899696002951,
8112520136076,
4020829044821,
5029354005078,
5060452490922,
9416114003355,
733739026446,
5765228836491,
3830059801238,
5391520231513,
5060148520186,
4001638096638,
626232440935,
5391520231094,
371402306015,
639844110219,
3830059800354,
811252011269,
5034511000490,
9062300124092,
751063403306,
859975002010,
3830059801252,
66427620009,
4001638096515,
5391520231087,
5060121920002,
811252011221,
4020829045149,
77326833773,
751063996211,
859975002058,
3830059801245,
97467299696,
302190308165,
3830059800798,
808124700628,
811252011177,
4020829045118,
46352006949,
859975002034,
3830059801221,
97467299214,
4025089080886,
5060053022225,
811252011412,
5034511000476,
819573013047,
5013455080669,
97467039575,
859975020649,
3830059801269,
810487030656,
41507070073,
4001638098311,
5391520231070,
8112520142466,
8112520120136,
641528005483,
8112520141308,
4020829044203,
768990301605,
636874040806,
812659012927,
94841255156,
811252011498,
811252013348,
97467250055,
4001638099226,
308078503905,
8112520140622,
15794034957,
8010047112972,
97467299641,
793591568386,
811252011726,
5391520230615,
4020829044449,
97467299542,
51381906092,
9416114003058,
4020829045286,
97467044401,
97467299849,
51381911706,
9416114003034,
705692803303,
97467299740,
371401009603,
811252011474,
5391520231490,
811252013379,
51381911966,
9416114003065,
8809306650610,
5024848001161,
3830059800323,
33984033511,
8809306650016,
630125951859,
8112520122598,
4020829007116,
5702071364214,
8809306650412,
318858560011,
811252013515,
6,
811252014239,
5391520231049,
4020829013902,
645782172257,
30985087406,
76970443796,
9344060001272,
78522040118,
8112520129078,
5391520230530,
4020829006423,
645782172134,
30985087307,
612194440007,
41954030002,
9344060000329,
78522040316,
811252013249,
86449550757,
645782172097,
5029354008505,
612194420009,
797311090102,
9349093000131,
811252014246,
5391520230677,
4020829007086,
5029066081803,
83926245007,
3830059800361,
5702071364344,
9344060000404,
86449316612,
308078253978,
612194430008,
5060426631184,
636874040813,
786648081211,
612194410000,
5060238480062,
636874040943,
5060164450016,
4020829004887,
811252013232,
86449300062,
609280300024,
879322003606,
612194460005,
5060238480055,
654749363096,
4020829011922,
7070866013400,
9312628060061,
9416114050205,
86449119916,
843389000243,
4020829008762,
9329298002161,
86449002256,
4895164311675,
732913450008,
7070866027872,
5060302240066,
46985017053,
608503010146,
4020829062627,
7070866013462,
9312628060269,
732913451074,
79911034855,
843389000199,
782126003409,
3830059800347,
8112520125490,
843389000212,
811252017384,
782126003607,
3830059800385,
5028816000170,
811252010958,
654749351550,
3830059801542,
9340456004308,
86449300031,
843389000205,
7070866025991,
5028816001207,
5018741012010,
371401011606,
782126003126,
4020829005648,
636519342296,
654749351581,
5025042026790,
5029354002718,
5018741012027,
751063305501,
654749351086,
782126003140,
5029354002657,
811252010743,
5060164450276,
654749351055,
782126003508,
3830059801559,
51381921163,
751063395922,
782126003072,
5034511000261,
5034511005068,
51381921101,
47469059644,
782126003256,
5029354002640,
5024155000963,
51381921118,
5025042027162,
782126203137,
636519322922,
5000477893087,
751063997522,
811252017391,
4020829005259,
612194480003,
83000266201,
782126002006,
9332059000023,
50505319,
700596000001,
782126002020,
645782172172,
9332059000733,
79565006406,
5025042026875,
51381921132,
5025042027148,
782126001009,
38435480043,
811252013317,
5034511005051,
782126003003,
859975002614,
811252013294,
706611876477,
4260338220013,
5765228836514,
5025042026851,
9332059000016,
782126003003,
859975020793,
77326980309,
808124700635,
5025042030636,
811252013409,
18788203322,
8016887000110,
811252010804,
5025042026844,
354973522411,
859975002041,
9317241006212,
843389000267,
354973644014,
5034831000378,
859975002027,
9327580001021,
5060539730187,
811252017469,
8010047113566,
706611876538,
859975002065,
5060539730224,
8010047119537,
608866922773,
782126008008,
612194470004,
608866922780,
50505357,
858438005070,
782126009005,
3800500324050,
5060539730002,
8010047119575,
5025042027247,
8010047115065,
853049001596,
83800035731,
8010047113603,
631740010136,
5034511000254,
54986002541,
50505333,
8010047115072,
51381912949,
83800035748,
8010047113511,
5391520230622,
5034511001831,
5060169460386,
51381921156,
8010047114976,
702346006851,
811252014383,
5060169467354,
608866922766,
83800035717,
631740010150,
5018741012034,
811252017407,
811252016455,
8010047113580,
4020829006027,
5029066004840,
4806502775363,
811252013027,
811252014642,
5060169467170,
626232552287,
724742005610,
708002400612,
853049001015,
8010047113573,
51381882426,
78522010920,
811252015434,
5060062990201,
708002400315,
7330933178358,
5029066081827,
51381886363,
5765228836682,
811252016516,
8010047113504,
626232152203,
724742005597,
9416114060020,
612194571008,
54986174910,
8010047113559,
4260491220011,
9416114003188,
856980000062,
5055113802343,
4260491220219,
9416114020130,
9332059000337,
724742003425,
5055113890128,
8010047113542,
4260491220028,
9416114026187,
54986175009,
5765228836330,
4260491220042,
5055113801865,
8010047119544,
630125951781,
97467024717,
9321207002491,
612194557002,
8010047119520,
766897680250,
97467299221,
5060202922246,
5055113801872,
8010047119513,
766897679797,
97467299863,
7330933070003,
4001638093934,
751063396325,
4260491220202,
97467299474,
5060169840072,
852697001392,
96044261,
733739030696,
3288131502045,
819573011791,
77326832936,
708002405976,
4020829007888,
630125951934,
708002405822,
5018365019471,
733739046840,
630125951927,
819573013269,
811252014307,
859975020700,
8010047113528,
97467299825,
811252014345,
78522083221,
4895164311392,
859975002089,
8010047113535,
9344060000701,
630125952337,
784927406489,
4895164305926,
78522000464,
8010047113610,
9344060000626,
5060202922017,
5573063264986,
47469048372,
5055113801889,
766897679834,
78522000648,
8010047113597,
9344060001371,
73230008337,
9416114001269,
5038871011288,
5060035703814,
9344060001678,
766897679568,
5021807447800,
8010047194510,
4895164308828,
3800500324128,
79565006222,
4020829007727,
51381885168,
630125951804,
784927406397,
899248002910,
716237100085,
766897680205,
9344060000732,
51381913618,
897799001062,
856720007085,
630125952689,
634084474053,
897799001048,
630125951941,
856720007009,
766897679773,
4806502777589,
654749361221,
94184006,
9349093000117,
630125952320,
4895164311514,
5029066005205,
5391520230455,
766897680199,
9421900569014,
9314807024680,
724742004026,
9351347000064,
5573063264993,
766897679803,
608503050067,
9421900569786,
4001638088312,
766897680212,
5060164450269,
654749363102,
51381906078,
5391520230424,
793591568379,
9421900569021,
9325894990017,
5060107330306,
9311262004332,
97467043848,
9421900569809,
766897680151,
797776949960,
766897680373,
630125951958,
811252017445,
766897680335,
9314807022570,
3830053624635,
609863600206,
9421900569892,
708002606076,
5060107330931,
9311262004318,
893455000004,
766897680359,
811252017438,
9421900569007,
766897680281,
3830053624284,
857307003612,
893455000059,
811252017421,
766897679612,
73377092008,
4806027703278,
812281011121,
811252017452,
8809306653024,
73377911729,
9416114023018,
899248002040,
766897679599,
5060426631726,
9421900569793,
630125952344,
811252010583,
3830053621962,
9340456003905,
893455000011,
8809306650214,
766897680342,
5060216560151,
73377713842,
5060260590029,
9312628060214,
8809306650313,
5060260590036,
9416114060013,
5060260591033,
9416114023025,
764302901365,
630125951910,
8809306650115,
766897679575,
9314807039370,
73377911521,
5060260590005,
43952000100,
8010047119209,
654749351604,
9416114026194,
4020829044456,
5060444800050,
766897679704,
8010047119704,
99482464370,
654749351109,
9416114026200,
27275400106,
732913450022,
9327693000324,
5573063264887,
4017645038547,
4020829045323,
27275400014,
5060216560724,
5060169840034,
9416114003010,
4020829043794,
5060444800098,
811252012105,
732913450039,
4001638088381,
4017645036888,
3800500324579,
5060452490274,
768990016776,
708002300363,
811252010439,
630125951897,
5012008592406,
41507070509,
5060086610093,
4020829045309,
708002100543,
811252010217,
766897679629,
21078014416,
41507067035,
5060086610055,
732913450046,
4017645031654,
4020829044432,
5013575111120,
732913450015,
5060148521251,
5060452490281,
94841300603,
859975002638,
9312628060214,
3830059800019,
5765228836323,
94841300146,
4020829044357,
3830059800002,
3800500324180,
94841300467,
766897679605,
97467307506,
9416114004017,
4017645043190,
3830059801498,
9416114003096,
9327693008481,
4001638088039,
3830059800767,
9416114020246,
9327693000348,
4001638098595,
636874121505,
4017645040373,
812659011838,
8016887000097,
733739026316,
811252010149,
30985095005,
636874121512,
4017645040328,
733739032614,
811252014390,
9327693009235,
5060452491080,
4017645040229,
857630006090,
658010113816,
667383002160,
9327693009204,
8010047192998,
654749351369,
9327693002687,
8010047118615,
636874220062,
5060164450252,
8010047118646,
8010047193049,
83000016431,
5060077680418,
19373951154,
5032722312616,
811252014772,
9327693000379,
841161106299,
41507065918,
4017645040236,
631740030103,
811252014758,
5034938100377,
8010047112132,
4001638098069,
9326847001507,
4017645040182,
19373911219,
811252014765,
768990015366,
843389000601,
9327693000225,
83000016578,
4017645040199,
811252014888,
766897679674,
5412533030051,
8010047112101,
78522015505,
630125951965,
5029354001049,
811252014895,
766897679667,
5412533001068,
5029354010393,
630125951989,
33674146002,
811252014857,
766897679643,
8010047112095,
5029354010379,
766897679650,
97467044883,
811252014734,
5765228836187,
5712624020214,
3800500324012,
766897680366,
8888536183006,
782126003287,
8010047193032,
77326470657,
733739029270,
782126003119,
8010047112125,
76314302031,
8010047111999,
811252014833,
782126003201,
843389000083,
8010047193025,
77326470145,
5712624020221,
3800500324357,
766897680168,
753950004641,
782126003089,
41954964482,
5060086610376,
782126003102,
751063352505,
792870173648,
5060086610079,
782126003058,
9327693000508,
751063398404,
4001638098083,
50755127,
654749351352,
97467044548,
76314302055,
768990016721,
9327693000355,
46985001120,
96125878,
612194142451,
51381908133,
9327693007569,
19373952557,
751063399401,
4001638098045,
50505456,
19373711215,
9331527000008,
4001638098014,
5000477233968,
9327693000744,
654749351673,
9327693000607,
631740120026,
97467039643,
639844110202,
8010047112088,
612194261008,
4001638098090,
800783142108,
658010118439,
5025042026783,
51381913625,
9327693000294,
42239598,
793591792057,
5099514041215,
5025042026769,
766897679988,
793591792040,
5025042026776,
630125952696,
9327693000362,
4004148017186,
800783115102,
700596000032,
4020829006386,
753950004085,
5025042027179,
630125952276,
4017645044739,
97467336476,
626232440928,
630125951811,
5712624020207,
636874210001,
97467366619,
5025042027216,
4017645039940,
4260491220523,
9321207002200,
5025042030667,
630125952313,
4020829006683,
793591792026,
3830053622136,
766897679711,
4017645036956,
77326444436,
9327580001038,
612194142482,
630125951743,
94841254173,
4260338220037,
766897680298,
94841254166,
5391520231322,
896116001297,
3830053622082,
653981794859,
97467366817,
5025042027223,
4017645036840,
4260491220516,
3830053620804,
97467051096,
5391520230547,
9327580001250,
857630006069,
4020829005198,
3830059800866,
78522015680,
97467307360,
73377069406,
78522021056,
9327580001052,
857630006038,
658010113762,
9327693000423,
639844110196,
4806027702790,
18788105282,
658010113779,
3830053622921,
4260338220105,
631740020104,
5391520231483,
857630006052,
5391520231315,
78522015697,
9314807043568,
4806502778166,
658010113786,
8010047118639,
83800035700,
9403067150335,
4260338220075,
18788105664,
4260491220905,
183405000971,
4020829005136,
97467010437,
30985087123,
766897679636,
4260338220020,
76630169752,
835787000574,
766897679810,
5060216560168,
97467022102,
4001638905305,
680569529688,
766897679766,
5029354001254,
97467024502,
8010047118622,
724742005573,
766897679827,
4260338220082,
5019781000838,
797776185047,
78522015550,
5055113801278,
5029354013653,
819573011715,
97467307322,
79625912715,
5055113801247,
18788902522,
751063399005,
637792932228,
797776185078,
73377071218,
78522015727,
97467013209,
717554080142,
86449300093,
5765228836170,
4020829077423,
18788902553,
88395052828,
86449319910,
766897679742,
5024121217319,
79625912753,
708002400438,
54986002534,
5055113801681,
5060148520100,
79625012880,
86449116618,
5024121221316,
5029354012588,
819573011708,
751063996648,
5060260590104,
73377071188,
78522015635,
819573012323,
335824000012,
5060260590937,
73377071119,
766897679728,
852697001491,
751063399500,
83800035724,
856210008189,
4025089061304,
630125951903,
727783901170,
5060260590166,
78522090250,
73377098956,
819573011784,
77326830727,
852697001286,
76970774067,
5391520230684,
9421900569847,
751063403108,
766897680304,
5060107330368,
819573013627,
96170830,
3830059800071,
4020829007680,
77326830949,
766897679698,
708002400513,
5060107336056,
9421900569854,
819573011739,
753950001114,
5060169840010,
766897680175,
797776185061,
4897039310127,
5391520230653,
658010121910,
354973307513,
3830059801276,
35000971227,
766897680243,
708002400711,
78522300076,
9421903925978,
819573010282,
728177010003,
768990301209,
811252011344,
4020829005662,
797776185054,
612194160509,
4897039310141,
78522021230,
9421900569861,
5060107332119,
609456496179,
5060086611038,
8112520136694,
9335607000117,
612194142550,
5060107332621,
78522030270,
724742003944,
819573010695,
5028816000705,
733739029492,
9416114026163,
9335607000209,
612194258008,
5060107332614,
33984020276,
9421903925619,
819573013283,
753950001886,
768990301308,
811252011450,
843389000120,
4020829007840,
766897679681,
4897039310394,
5060112865671,
811252011290,
73377071089,
819573011913,
88395015243,
3288131502403,
4897039310103,
811252011306,
612194155000,
5034511000414,
658010116527,
612194142109,
639844110233,
5060231560082,
4020829025363,
79625016079,
819573011937,
4020829072459,
21078001768,
612194142208,
7070866026578,
4020829077546,
753950001367,
7070866013349,
893455000127,
4020829077508,
811252011795,
612194142406,
5034511000421,
612194142307,
811252011535,
4020829045026,
8010047112118,
3830059800330,
811252011863,
811252012617,
83000016400,
768990017704,
5025042027155,
3830059800378,
5060452490229,
4020829045088,
811252014147,
5765228837849,
768990017971,
5060107332645,
8112520131712,
893455000066,
4020829004948,
768990017414,
5025042026868,
8112520144750,
5034511005037,
75573000115,
4020829043756,
97467010420,
811252014192,
898220018086,
9327580001083,
811252014123,
899248002033,
87052724481,
97467024830,
9327580001878,
811252014109,
5573063264863,
97467307339,
9062300132684,
5025042030643,
5034511005082,
893455000332,
4020829045064,
811252014154,
612194142758,
768990417603,
5025042027230,
5391520231292,
49479035182,
35000971234,
819573013719,
5025042030650,
612194556005,
78522015321,
852697001200,
79565006239,
4806502775424,
4603014001856,
768990017438,
9344060000510,
9332059000030,
94183986,
9327580001748,
5391520231506,
768990577857,
9344060000367,
811252013690,
5573063264818,
97467307346,
5765228837818,
9062300132677,
4806502775400,
9344060000466,
4020829043664,
811252010767,
612194142703,
3664358000029,
4806502775394,
868656000139,
9344060000640,
66427960006,
639844149004,
4020829045125,
5060209112893,
811252013324,
3401599052116,
4806502775455,
868656000108,
856720007610,
712396087540,
608503052542,
5060209111223,
5060202922055,
3401553637991,
4806502778142,
9344060000428,
706611876491,
9421900569076,
4806502775431,
4260491220509,
856720007665,
4020829044210,
33984041301,
811252015458,
5060202922079,
3401560147711,
856720007580,
857630006045,
811252015427,
5013007055480,
3401599118782,
808124700642,
768990016042,
856720007603,
371402303014,
3401520275003,
4806502778159,
4260491220936,
856720007535,
619960957189,
5060209110172,
811252016523,
9555102900914,
3401598728944,
73377098116,
856720007672,
608866922674,
4020829043589,
306969033289,
3401598026170,
73377098918,
87052716714,
856720007092,
843389000571,
5060129420870,
4020829043787,
3401599119215,
856720007498,
811252012624,
843389000472,
3001780881800,
5060209110011,
354973317918,
724742003814,
3401599119383,
5055113801704,
856720007559,
608866922698,
354973324114,
30985004236,
3401599118904,
9421903925596,
708002400377,
630125951774,
819573011753,
708002400414,
78522014973,
819573014655,
5021807447404,
708002400735,
766897680182,
819573011746,
3288131502427,
5391520230660,
753950001251,
3830059801283,
819573013382,
708002400629,
5060107330214,
5391520230493,
4603014009883,
708002401671,
73377098758,
852697001477,
708002400421,